{"global_step": 22151168, "_timestamp": 1754037912.4964392, "performance/step_inference_rl_update_fps": 21008.505859375, "performance/step_inference_fps": 21363.85546875, "performance/step_fps": 21530.095703125, "performance/rl_update_time": 0.1037750244140625, "performance/step_inference_time": 6.1352219581604, "performance/step_time": 6.087850570678711, "losses/a_loss": -0.0005861028912477195, "losses/c_loss": 0.004775599110871553, "losses/entropy": 7.475354194641113, "info/last_lr": 0.00014814814494457096, "info/lr_mul": 1.0, "info/e_clip": 0.20000000298023224, "info/kl": 0.010889966040849686, "info/epochs": 170.0, "losses/bounds_loss": 0.22747258841991425, "success_rate/step": 0.8547486066818237, "_runtime": 806, "_step": 1020, "success_rate/iter": 0.8547486066818237, "success_rate/time": 0.8547486066818237, "fail_rate/step": 0.0, "fail_rate/iter": 0.0, "fail_rate/time": 0.0, "rewards/step": -98.43167877197266, "rewards/iter": -98.43167877197266, "rewards/time": -98.43167877197266, "shaped_rewards/step": -92.70919036865234, "shaped_rewards/iter": -92.70919036865234, "shaped_rewards/time": -92.70919036865234, "episode_lengths/step": 23.854747772216797, "episode_lengths/iter": 23.854747772216797, "episode_lengths/time": 23.854747772216797, "_wandb": {"runtime": 807}}