{"global_step": 87031808, "_timestamp": 1753864548.470103, "performance/step_inference_rl_update_fps": 205429.5625, "performance/step_inference_fps": 246763.875, "performance/step_fps": 256998.671875, "performance/rl_update_time": 0.42749953269958496, "performance/step_inference_time": 2.124654531478882, "performance/step_time": 2.04004168510437, "losses/a_loss": 0.0002476535737514496, "losses/c_loss": 0.04475506767630577, "losses/entropy": 4.801335334777832, "info/last_lr": 9.876543481368572e-05, "info/lr_mul": 1.0, "info/e_clip": 0.20000000298023224, "info/kl": 0.013271949253976345, "info/epochs": 167.0, "losses/bounds_loss": 0.09344100207090378, "success_rate/step": 0.008810029365122318, "_runtime": 855, "_step": 1002, "success_rate/iter": 0.008810029365122318, "success_rate/time": 0.008810029365122318, "fail_rate/step": 0.0, "fail_rate/iter": 0.0, "fail_rate/time": 0.0, "rewards/step": 2.114414930343628, "rewards/iter": 2.114414930343628, "rewards/time": 2.114414930343628, "shaped_rewards/step": 2.6338348388671875, "shaped_rewards/iter": 2.6338348388671875, "shaped_rewards/time": 2.6338348388671875, "episode_lengths/step": 49.600643157958984, "episode_lengths/iter": 49.600643157958984, "episode_lengths/time": 49.600643157958984, "_wandb": {"runtime": 858}}