{"global_step": 2752512, "_timestamp": 1754027350.721489, "performance/step_inference_rl_update_fps": 4277.65673828125, "performance/step_inference_fps": 4292.4189453125, "performance/step_fps": 4297.23193359375, "performance/rl_update_time": 0.10538005828857422, "performance/step_inference_time": 30.535696029663086, "performance/step_time": 30.501495361328125, "losses/a_loss": -0.004011068027466536, "losses/c_loss": 1.2392455339431763, "losses/entropy": 8.049896240234375, "info/last_lr": 0.006666666828095913, "info/lr_mul": 1.0, "info/e_clip": 0.20000000298023224, "info/kl": 0.004701455123722553, "info/epochs": 22.0, "losses/bounds_loss": 0.004019623156636953, "success_rate/step": 0.0, "_runtime": 680, "_step": 131, "success_rate/iter": 0.0, "success_rate/time": 0.0, "fail_rate/step": 0.0, "fail_rate/iter": 0.0, "fail_rate/time": 0.0, "rewards/step": 0.15481191873550415, "rewards/iter": 0.15481191873550415, "rewards/time": 0.15481191873550415, "shaped_rewards/step": 0.15481191873550415, "shaped_rewards/iter": 0.15481191873550415, "shaped_rewards/time": 0.15481191873550415, "episode_lengths/step": 1.0, "episode_lengths/iter": 1.0, "episode_lengths/time": 1.0, "_wandb": {"runtime": 691}}