{"global_step": 0, "_timestamp": 1753764009.8694692, "performance/step_inference_rl_update_fps": 9366.6875, "performance/step_inference_fps": 9664.4990234375, "performance/step_fps": 9811.41796875, "performance/rl_update_time": 0.053900957107543945, "performance/step_inference_time": 1.6952767372131348, "performance/step_time": 1.669891119003296, "losses/a_loss": 0.004217257257550955, "losses/c_loss": 0.9661823511123657, "losses/entropy": 9.934183120727539, "info/last_lr": 0.00033333332976326346, "info/lr_mul": 1.0, "info/e_clip": 0.20000000298023224, "info/kl": 0.009423317387700081, "info/epochs": 1.0, "losses/bounds_loss": 0.0, "_runtime": 6, "_step": 0, "_wandb": {"runtime": 8}}