{"global_step": 11862016, "_timestamp": 1754050336.5404034, "performance/step_inference_rl_update_fps": 16605.130859375, "performance/step_inference_fps": 16894.1640625, "performance/step_fps": 17116.626953125, "performance/rl_update_time": 0.06752204895019531, "performance/step_inference_time": 3.879209518432617, "performance/step_time": 3.828791856765747, "losses/a_loss": -0.005649029742926359, "losses/c_loss": 0.03452405333518982, "losses/entropy": 6.689460754394531, "info/last_lr": 0.00014814814494457096, "info/lr_mul": 1.0, "info/e_clip": 0.20000000298023224, "info/kl": 0.012869613245129585, "info/epochs": 182.0, "losses/bounds_loss": 0.6340491771697998, "success_rate/step": 0.012917558662593365, "_runtime": 602, "_step": 1092, "success_rate/iter": 0.012917558662593365, "success_rate/time": 0.012917558662593365, "fail_rate/step": 0.0, "fail_rate/iter": 0.0, "fail_rate/time": 0.0, "rewards/step": 795.7992553710938, "rewards/iter": 795.7992553710938, "rewards/time": 795.7992553710938, "shaped_rewards/step": 1611.9324951171875, "shaped_rewards/iter": 1611.9324951171875, "shaped_rewards/time": 1611.9324951171875, "episode_lengths/step": 93.77186584472656, "episode_lengths/iter": 93.77186584472656, "episode_lengths/time": 93.77186584472656, "_wandb": {"runtime": 606}}