{"global_step": 14811136, "_timestamp": 1754295496.9152713, "performance/step_inference_rl_update_fps": 34570.83203125, "performance/step_inference_fps": 35478.7734375, "performance/step_fps": 36045.66796875, "performance/rl_update_time": 0.048513174057006836, "performance/step_inference_time": 1.847188949584961, "performance/step_time": 1.8181381225585938, "losses/a_loss": -0.004717738833278418, "losses/c_loss": 0.033500343561172485, "losses/entropy": 6.213382244110107, "info/last_lr": 0.00014814814494457096, "info/lr_mul": 1.0, "info/e_clip": 0.20000000298023224, "info/kl": 0.009023073129355907, "info/epochs": 227.0, "losses/bounds_loss": 0.7821845412254333, "success_rate/step": 0.11533182859420776, "_runtime": 478, "_step": 1362, "success_rate/iter": 0.11533182859420776, "success_rate/time": 0.11533182859420776, "fail_rate/step": 0.0, "fail_rate/iter": 0.0, "fail_rate/time": 0.0, "rewards/step": 668.071533203125, "rewards/iter": 668.071533203125, "rewards/time": 668.071533203125, "shaped_rewards/step": 1358.6732177734375, "shaped_rewards/iter": 1358.6732177734375, "shaped_rewards/time": 1358.6732177734375, "episode_lengths/step": 87.74369049072266, "episode_lengths/iter": 87.74369049072266, "episode_lengths/time": 87.74369049072266, "_wandb": {"runtime": 479}}