{"global_step": 917504, "_timestamp": 1753861693.8306077, "performance/step_inference_rl_update_fps": 85318.6171875, "performance/step_inference_fps": 91003.140625, "performance/step_fps": 93864.4765625, "performance/rl_update_time": 0.04798150062561035, "performance/step_inference_time": 0.7201509475708008, "performance/step_time": 0.6981980800628662, "losses/a_loss": -0.0010431206319481134, "losses/c_loss": 0.7114244699478149, "losses/entropy": 9.505335807800293, "info/last_lr": 0.001687500043772161, "info/lr_mul": 1.0, "info/e_clip": 0.20000000298023224, "info/kl": 0.005886530037969351, "info/epochs": 15.0, "losses/bounds_loss": 0.0, "_runtime": 16, "_step": 14, "success_rate/step": 0.0, "success_rate/iter": 0.0, "success_rate/time": 0.0, "fail_rate/step": 0.0, "fail_rate/iter": 0.0, "fail_rate/time": 0.0, "rewards/step": 0.633092999458313, "rewards/iter": 0.633092999458313, "rewards/time": 0.633092999458313, "shaped_rewards/step": 0.912232518196106, "shaped_rewards/iter": 0.912232518196106, "shaped_rewards/time": 0.912232518196106, "episode_lengths/step": 100.0, "episode_lengths/iter": 100.0, "episode_lengths/time": 100.0, "_wandb": {"runtime": 18}}