{"global_step": 176947200, "_timestamp": 1753863256.7372289, "performance/step_inference_rl_update_fps": 122915.5, "performance/step_inference_fps": 136128.203125, "performance/step_fps": 139037.796875, "performance/rl_update_time": 0.20700287818908691, "performance/step_inference_time": 1.9257140159606934, "performance/step_time": 1.8854153156280518, "losses/a_loss": -0.0007506192778237164, "losses/c_loss": 0.053709566593170166, "losses/entropy": 0.25097861886024475, "info/last_lr": 2.9263832402648404e-05, "info/lr_mul": 1.0, "info/e_clip": 0.20000000298023224, "info/kl": 0.012131578288972378, "info/epochs": 676.0, "losses/bounds_loss": 2.828528881072998, "_runtime": 1445, "_step": 4040, "success_rate/step": 0.03672247752547264, "success_rate/iter": 0.03672247752547264, "success_rate/time": 0.03672247752547264, "fail_rate/step": 0.0, "fail_rate/iter": 0.0, "fail_rate/time": 0.0, "rewards/step": 13.738081932067871, "rewards/iter": 13.738081932067871, "rewards/time": 13.738081932067871, "shaped_rewards/step": 20.712932586669922, "shaped_rewards/iter": 20.712932586669922, "shaped_rewards/time": 20.712932586669922, "episode_lengths/step": 96.51759338378906, "episode_lengths/iter": 96.51759338378906, "episode_lengths/time": 96.51759338378906, "_wandb": {"runtime": 1445}}