{"global_step": 655360, "_timestamp": 1754038208.2561636, "performance/step_inference_rl_update_fps": 34945.2578125, "performance/step_inference_fps": 35864.71484375, "performance/step_fps": 36171.6875, "performance/rl_update_time": 0.09615826606750488, "performance/step_inference_time": 3.6546225547790527, "performance/step_time": 3.623607635498047, "losses/a_loss": -0.0026368219405412674, "losses/c_loss": 0.35390159487724304, "losses/entropy": 8.290107727050781, "info/last_lr": 0.001687500043772161, "info/lr_mul": 1.0, "info/e_clip": 0.20000000298023224, "info/kl": 0.01209030020982027, "info/epochs": 6.0, "losses/bounds_loss": 4.18250927225472e-08, "success_rate/step": 0.8565771579742432, "_runtime": 41, "_step": 36, "success_rate/iter": 0.8565771579742432, "success_rate/time": 0.8565771579742432, "fail_rate/step": 0.0, "fail_rate/iter": 0.0, "fail_rate/time": 0.0, "rewards/step": 399.22564697265625, "rewards/iter": 399.22564697265625, "rewards/time": 399.22564697265625, "shaped_rewards/step": 408.3151550292969, "shaped_rewards/iter": 408.3151550292969, "shaped_rewards/time": 408.3151550292969, "episode_lengths/step": 53.311790466308594, "episode_lengths/iter": 53.311790466308594, "episode_lengths/time": 53.311790466308594, "_wandb": {"runtime": 31}}