{"global_step": 524288, "_timestamp": 1753863655.1035888, "performance/step_inference_rl_update_fps": 223383.859375, "performance/step_inference_fps": 273064.34375, "performance/step_fps": 284735.375, "performance/rl_update_time": 0.21350550651550293, "performance/step_inference_time": 0.9600081443786621, "performance/step_time": 0.9206583499908447, "losses/a_loss": 5.993305239826441e-05, "losses/c_loss": 0.1168028935790062, "losses/entropy": 9.794637680053711, "info/last_lr": 0.0011249999515712261, "info/lr_mul": 1.0, "info/e_clip": 0.20000000298023224, "info/kl": 0.012701737694442272, "info/epochs": 3.0, "losses/bounds_loss": 0.0, "_runtime": 16, "_step": 12, "success_rate/step": 0.0, "success_rate/iter": 0.0, "success_rate/time": 0.0, "fail_rate/step": 0.0, "fail_rate/iter": 0.0, "fail_rate/time": 0.0, "rewards/step": 0.16377730667591095, "rewards/iter": 0.16377730667591095, "rewards/time": 0.16377730667591095, "shaped_rewards/step": 0.17774945497512817, "shaped_rewards/iter": 0.17774945497512817, "shaped_rewards/time": 0.17774945497512817, "episode_lengths/step": 49.0, "episode_lengths/iter": 49.0, "episode_lengths/time": 49.0, "_wandb": {"runtime": 20}}