{"global_step": 77824, "_timestamp": 1753521957.9529302, "performance/step_inference_rl_update_fps": 817.1373901367188, "performance/step_inference_fps": 818.7996215820312, "performance/step_fps": 828.3501586914062, "performance/rl_update_time": 0.010175943374633789, "performance/step_inference_time": 5.002444744110107, "performance/step_time": 4.944768905639648, "losses/a_loss": 0.008856785483658314, "losses/c_loss": 0.4114854335784912, "losses/entropy": 9.840716361999512, "info/last_lr": 0.003796875011175871, "info/lr_mul": 1.0, "info/e_clip": 0.20000000298023224, "info/kl": 0.015156048350036144, "info/epochs": 20.0, "losses/bounds_loss": 0.0138195576146245, "_runtime": 108, "_step": 104, "success_rate/step": 0.0, "success_rate/iter": 0.0, "success_rate/time": 0.0, "fail_rate/step": 0.0, "fail_rate/iter": 0.0, "fail_rate/time": 0.0, "rewards/step": 1.4707648754119873, "rewards/iter": 1.4707648754119873, "rewards/time": 1.4707648754119873, "shaped_rewards/step": 1.998122215270996, "shaped_rewards/iter": 1.998122215270996, "shaped_rewards/time": 1.998122215270996, "episode_lengths/step": 100.0, "episode_lengths/iter": 100.0, "episode_lengths/time": 100.0, "_wandb": {"runtime": 111}}