{"global_step": 20709376, "_timestamp": 1753865232.6494696, "performance/step_inference_rl_update_fps": 60314.58984375, "performance/step_inference_fps": 63346.796875, "performance/step_fps": 64091.13671875, "performance/rl_update_time": 0.20804238319396973, "performance/step_inference_time": 4.138236045837402, "performance/step_time": 4.090175628662109, "losses/a_loss": -0.0027520705480128527, "losses/c_loss": 0.07641593366861343, "losses/entropy": 7.331483364105225, "info/last_lr": 0.00033333332976326346, "info/lr_mul": 1.0, "info/e_clip": 0.20000000298023224, "info/kl": 0.005458597093820572, "info/epochs": 80.0, "losses/bounds_loss": 0.08119496703147888, "_runtime": 245, "_step": 473, "success_rate/step": 0.0, "success_rate/iter": 0.0, "success_rate/time": 0.0, "fail_rate/step": 0.0, "fail_rate/iter": 0.0, "fail_rate/time": 0.0, "rewards/step": 0.5441228747367859, "rewards/iter": 0.5441228747367859, "rewards/time": 0.5441228747367859, "shaped_rewards/step": 1.3935250043869019, "shaped_rewards/iter": 1.3935250043869019, "shaped_rewards/time": 1.3935250043869019, "episode_lengths/step": 49.9999885559082, "episode_lengths/iter": 49.9999885559082, "episode_lengths/time": 49.331878662109375, "_wandb": {"runtime": 247}}