{"global_step": 53248, "_timestamp": 1753694662.9847429, "performance/step_inference_rl_update_fps": 800.5177001953125, "performance/step_inference_fps": 801.8502197265625, "performance/step_fps": 808.5450439453125, "performance/rl_update_time": 0.008502721786499023, "performance/step_inference_time": 5.108185768127441, "performance/step_time": 5.065889358520508, "losses/a_loss": 0.004495370667427778, "losses/c_loss": 1.856147050857544, "losses/entropy": 9.793803215026855, "info/last_lr": 0.005695312283933163, "info/lr_mul": 1.0, "info/e_clip": 0.20000000298023224, "info/kl": 0.008230132050812244, "info/epochs": 14.0, "losses/bounds_loss": 0.0005475522484630346, "_runtime": 79, "_step": 67, "success_rate/step": 0.0, "success_rate/iter": 0.0, "success_rate/time": 0.0, "fail_rate/step": 0.0, "fail_rate/iter": 0.0, "fail_rate/time": 0.0, "rewards/step": 2.3263978958129883, "rewards/iter": 2.3263978958129883, "rewards/time": 2.3263978958129883, "shaped_rewards/step": 2.5711264610290527, "shaped_rewards/iter": 2.5711264610290527, "shaped_rewards/time": 2.5711264610290527, "episode_lengths/step": 100.0, "episode_lengths/iter": 100.0, "episode_lengths/time": 100.0, "_wandb": {"runtime": 84}}