{"global_step": 6946816, "_timestamp": 1754038730.329408, "performance/step_inference_rl_update_fps": 22772.685546875, "performance/step_inference_fps": 23166.443359375, "performance/step_fps": 23419.6015625, "performance/rl_update_time": 0.04891395568847656, "performance/step_inference_time": 2.8289194107055664, "performance/step_time": 2.798339605331421, "losses/a_loss": -0.00475107179954648, "losses/c_loss": 0.036243557929992676, "losses/entropy": 6.873597621917725, "info/last_lr": 0.00014814814494457096, "info/lr_mul": 1.0, "info/e_clip": 0.20000000298023224, "info/kl": 0.01065768301486969, "info/epochs": 107.0, "losses/bounds_loss": 0.28879809379577637, "success_rate/step": 0.04641793295741081, "_runtime": 288, "_step": 642, "success_rate/iter": 0.04641793295741081, "success_rate/time": 0.04641793295741081, "fail_rate/step": 0.0, "fail_rate/iter": 0.0, "fail_rate/time": 0.0, "rewards/step": 772.997802734375, "rewards/iter": 772.997802734375, "rewards/time": 772.997802734375, "shaped_rewards/step": 1548.761474609375, "shaped_rewards/iter": 1548.761474609375, "shaped_rewards/time": 1548.761474609375, "episode_lengths/step": 91.53673553466797, "episode_lengths/iter": 91.53673553466797, "episode_lengths/time": 91.53673553466797, "_wandb": {"runtime": 290}}