{"global_step": 630784, "_timestamp": 1753521777.6467264, "performance/step_inference_rl_update_fps": 4056.3955078125, "performance/step_inference_fps": 4090.631103515625, "performance/step_fps": 4203.9755859375, "performance/rl_update_time": 0.008450746536254883, "performance/step_inference_time": 1.001312494277954, "performance/step_time": 0.974315881729126, "losses/a_loss": 0.0026736774016171694, "losses/c_loss": 0.16298086941242218, "losses/entropy": 9.53814697265625, "info/last_lr": 0.0011249999515712261, "info/lr_mul": 1.0, "info/e_clip": 0.20000000298023224, "info/kl": 0.006937832571566105, "info/epochs": 155.0, "losses/bounds_loss": 50.08527755737305, "_runtime": 138, "_step": 154, "success_rate/step": 0.0, "success_rate/iter": 0.0, "success_rate/time": 0.0, "fail_rate/step": 0.0, "fail_rate/iter": 0.0, "fail_rate/time": 0.0, "rewards/step": 1.300333023071289, "rewards/iter": 1.300333023071289, "rewards/time": 1.300333023071289, "shaped_rewards/step": 1.9751752614974976, "shaped_rewards/iter": 1.9751752614974976, "shaped_rewards/time": 1.9751752614974976, "episode_lengths/step": 100.0, "episode_lengths/iter": 100.0, "episode_lengths/time": 100.0, "_wandb": {"runtime": 139}}