{"global_step": 327680, "_timestamp": 1754044756.2258985, "performance/step_inference_rl_update_fps": 22264.12109375, "performance/step_inference_fps": 22649.185546875, "performance/step_fps": 22884.486328125, "performance/rl_update_time": 0.05004453659057617, "performance/step_inference_time": 2.8935256004333496, "performance/step_time": 2.863774061203003, "losses/a_loss": -0.0023396098986268044, "losses/c_loss": 0.6715537309646606, "losses/entropy": 8.413249015808105, "info/last_lr": 0.0011249999515712261, "info/lr_mul": 1.0, "info/e_clip": 0.20000000298023224, "info/kl": 0.00824145320802927, "info/epochs": 6.0, "losses/bounds_loss": 6.602022040169686e-08, "success_rate/step": 0.7502687573432922, "_runtime": 22, "_step": 36, "success_rate/iter": 0.7502687573432922, "success_rate/time": 0.7502687573432922, "fail_rate/step": 0.0, "fail_rate/iter": 0.0, "fail_rate/time": 0.0, "rewards/step": 22.903045654296875, "rewards/iter": 22.903045654296875, "rewards/time": 22.903045654296875, "shaped_rewards/step": 23.78223991394043, "shaped_rewards/iter": 23.78223991394043, "shaped_rewards/time": 23.78223991394043, "episode_lengths/step": 55.45658874511719, "episode_lengths/iter": 55.45658874511719, "episode_lengths/time": 55.45658874511719, "_wandb": {"runtime": 24}}