{"global_step": 196608, "_timestamp": 1754294994.8757203, "performance/step_inference_rl_update_fps": 15463.9814453125, "performance/step_inference_fps": 16908.392578125, "performance/step_fps": 17071.83203125, "performance/rl_update_time": 0.3620316982269287, "performance/step_inference_time": 3.8759450912475586, "performance/step_time": 3.8388383388519287, "losses/a_loss": -0.0019989304710179567, "losses/c_loss": 0.6042461395263672, "losses/entropy": 8.42885971069336, "info/last_lr": 0.003796875011175871, "info/lr_mul": 1.0, "info/e_clip": 0.20000000298023224, "info/kl": 0.00949560571461916, "info/epochs": 4.0, "losses/bounds_loss": 0.0, "success_rate/step": 0.37349918484687805, "_runtime": 19, "_step": 24, "success_rate/iter": 0.37349918484687805, "success_rate/time": 0.37349918484687805, "fail_rate/step": 0.0, "fail_rate/iter": 0.0, "fail_rate/time": 0.0, "rewards/step": 124.67115020751953, "rewards/iter": 124.67115020751953, "rewards/time": 124.67115020751953, "shaped_rewards/step": 134.94223022460938, "shaped_rewards/iter": 134.94223022460938, "shaped_rewards/time": 134.94223022460938, "episode_lengths/step": 45.2772102355957, "episode_lengths/iter": 45.2772102355957, "episode_lengths/time": 45.2772102355957, "_wandb": {"runtime": 23}}