{"global_step": 1078722560, "_timestamp": 1753936840.5866404, "performance/step_inference_rl_update_fps": 12923.6044921875, "performance/step_inference_fps": 13066.2646484375, "performance/step_fps": 13116.0205078125, "performance/rl_update_time": 0.1107323169708252, "performance/step_inference_time": 10.031329154968262, "performance/step_time": 9.993274688720703, "losses/a_loss": 0.01151791401207447, "losses/c_loss": 0.16770051419734955, "losses/entropy": -13.241754531860352, "info/last_lr": 6.58436183584854e-05, "info/lr_mul": 1.0, "info/e_clip": 0.20000000298023224, "info/kl": 0.12224169820547104, "info/epochs": 8231.0, "losses/bounds_loss": 0.49883681535720825, "success_rate/step": 0.06566604226827621, "_runtime": 71518, "_step": 49386, "success_rate/iter": 0.06566604226827621, "success_rate/time": 0.06566604226827621, "fail_rate/step": 0.9362101554870605, "fail_rate/iter": 0.9362101554870605, "fail_rate/time": 0.9362101554870605, "rewards/step": 6.458210468292236, "rewards/iter": 6.458210468292236, "rewards/time": 6.458210468292236, "shaped_rewards/step": 6.458210468292236, "shaped_rewards/iter": 6.458210468292236, "shaped_rewards/time": 6.458210468292236, "episode_lengths/step": 5.245778560638428, "episode_lengths/iter": 5.245778560638428, "episode_lengths/time": 5.245778560638428, "_wandb": {"runtime": 71514}}