{"global_step": 851968, "_timestamp": 1753763967.812754, "performance/step_inference_rl_update_fps": 15502.1142578125, "performance/step_inference_fps": 15908.3798828125, "performance/step_fps": 16211.6220703125, "performance/rl_update_time": 0.026990175247192383, "performance/step_inference_time": 1.0298974514007568, "performance/step_time": 1.0106329917907715, "losses/a_loss": -0.008108877576887608, "losses/c_loss": 0.11491801589727402, "losses/entropy": 9.073966026306152, "info/last_lr": 0.0005000000237487257, "info/lr_mul": 1.0, "info/e_clip": 0.20000000298023224, "info/kl": 0.010170531459152699, "info/epochs": 53.0, "losses/bounds_loss": 9.941896860254928e-05, "_runtime": 79, "_step": 302, "success_rate/step": 0.0, "success_rate/iter": 0.0, "success_rate/time": 0.0, "fail_rate/step": 0.0, "fail_rate/iter": 0.0, "fail_rate/time": 0.0, "rewards/step": 2.671691417694092, "rewards/iter": 2.671691417694092, "rewards/time": 2.671691417694092, "shaped_rewards/step": 4.947414875030518, "shaped_rewards/iter": 4.947414875030518, "shaped_rewards/time": 4.947414875030518, "episode_lengths/step": 100.0, "episode_lengths/iter": 100.0, "episode_lengths/time": 100.0, "_wandb": {"runtime": 81}}