{"global_step": 917504, "_timestamp": 1754026436.226688, "performance/step_inference_rl_update_fps": 4302.10302734375, "performance/step_inference_fps": 4318.5517578125, "performance/step_fps": 4323.5244140625, "performance/rl_update_time": 0.1160428524017334, "performance/step_inference_time": 30.350915908813477, "performance/step_time": 30.316007614135742, "losses/a_loss": -0.001717573031783104, "losses/c_loss": 1.2437946796417236, "losses/entropy": 8.338624000549316, "info/last_lr": 0.009999999776482582, "info/lr_mul": 1.0, "info/e_clip": 0.20000000298023224, "info/kl": 0.0051057119853794575, "info/epochs": 8.0, "losses/bounds_loss": 0.0, "success_rate/step": 0.0, "_runtime": 250, "_step": 48, "success_rate/iter": 0.0, "success_rate/time": 0.0, "fail_rate/step": 0.0, "fail_rate/iter": 0.0, "fail_rate/time": 0.0, "rewards/step": 0.15760096907615662, "rewards/iter": 0.15760096907615662, "rewards/time": 0.15760096907615662, "shaped_rewards/step": 0.15760096907615662, "shaped_rewards/iter": 0.15760096907615662, "shaped_rewards/time": 0.15760096907615662, "episode_lengths/step": 1.0, "episode_lengths/iter": 1.0, "episode_lengths/time": 1.0, "_wandb": {"runtime": 269}}