{"global_step": 8921088, "_timestamp": 1753695907.9576578, "performance/step_inference_rl_update_fps": 14689.5751953125, "performance/step_inference_fps": 15102.080078125, "performance/step_fps": 15303.5361328125, "performance/rl_update_time": 0.04569745063781738, "performance/step_inference_time": 1.6273255348205566, "performance/step_time": 1.6059033870697021, "losses/a_loss": -0.019481142982840538, "losses/c_loss": 0.11405104398727417, "losses/entropy": 6.2400407791137695, "info/last_lr": 0.00014814814494457096, "info/lr_mul": 1.0, "info/e_clip": 0.20000000298023224, "info/kl": 0.006127780303359032, "info/epochs": 364.0, "losses/bounds_loss": 0.36748477816581726, "_runtime": 631, "_step": 2168, "success_rate/step": 0.0, "success_rate/iter": 0.0, "success_rate/time": 0.0, "fail_rate/step": 0.0, "fail_rate/iter": 0.0, "fail_rate/time": 0.0, "rewards/step": 4.780440807342529, "rewards/iter": 4.780440807342529, "rewards/time": 4.780440807342529, "shaped_rewards/step": 11.528539657592773, "shaped_rewards/iter": 11.528539657592773, "shaped_rewards/time": 11.528539657592773, "episode_lengths/step": 100.0, "episode_lengths/iter": 100.0, "episode_lengths/time": 100.0}