{"global_step": 262144, "_timestamp": 1753865303.6529963, "performance/step_inference_rl_update_fps": 10277.2548828125, "performance/step_inference_fps": 10368.7197265625, "performance/step_fps": 10385.8994140625, "performance/rl_update_time": 0.225006103515625, "performance/step_inference_time": 25.282194137573242, "performance/step_time": 25.240375518798828, "losses/a_loss": -0.0016736614052206278, "losses/c_loss": 0.010696484707295895, "losses/entropy": 9.909744262695312, "info/last_lr": 0.0005000000237487257, "info/lr_mul": 1.0, "info/e_clip": 0.20000000298023224, "info/kl": 0.008339280262589455, "info/epochs": 2.0, "losses/bounds_loss": 0.0, "success_rate/step": 0.0, "_runtime": 63, "_step": 11, "success_rate/iter": 0.0, "success_rate/time": 0.0, "fail_rate/step": 0.9999998807907104, "fail_rate/iter": 0.9999998807907104, "fail_rate/time": 0.9999998807907104, "rewards/step": 0.03284560143947601, "rewards/iter": 0.03284560143947601, "rewards/time": 0.03284560143947601, "shaped_rewards/step": 0.03284560143947601, "shaped_rewards/iter": 0.03284560143947601, "shaped_rewards/time": 0.03284560143947601, "episode_lengths/step": 4.111944198608398, "episode_lengths/iter": 4.111944198608398, "episode_lengths/time": 4.275862216949463}