{"global_step": 282624, "_timestamp": 1753695088.2813988, "performance/step_inference_rl_update_fps": 764.0494384765625, "performance/step_inference_fps": 765.3593139648438, "performance/step_fps": 770.7139282226562, "performance/rl_update_time": 0.00917506217956543, "performance/step_inference_time": 5.351734638214111, "performance/step_time": 5.314553260803223, "losses/a_loss": 0.008722267113626003, "losses/c_loss": 0.4862329661846161, "losses/entropy": 9.779440879821777, "info/last_lr": 0.001687500043772161, "info/lr_mul": 1.0, "info/e_clip": 0.20000000298023224, "info/kl": 0.007600467186421156, "info/epochs": 70.0, "losses/bounds_loss": 1.0948474407196045, "_runtime": 404, "_step": 404, "success_rate/step": 0.0, "success_rate/iter": 0.0, "success_rate/time": 0.0, "fail_rate/step": 0.0, "fail_rate/iter": 0.0, "fail_rate/time": 0.0, "rewards/step": 2.0962140560150146, "rewards/iter": 2.0962140560150146, "rewards/time": 2.0962140560150146, "shaped_rewards/step": 2.5848634243011475, "shaped_rewards/iter": 2.5848634243011475, "shaped_rewards/time": 2.5848634243011475, "episode_lengths/step": 100.0, "episode_lengths/iter": 100.0, "episode_lengths/time": 100.0, "_wandb": {"runtime": 406}}