{"global_step": 9175040, "_timestamp": 1754119175.1723013, "performance/step_inference_rl_update_fps": 20341.662109375, "performance/step_inference_fps": 20653.333984375, "performance/step_fps": 20856.75390625, "performance/rl_update_time": 0.048618316650390625, "performance/step_inference_time": 3.1731438636779785, "performance/step_time": 3.142195701599121, "losses/a_loss": -0.005364189390093088, "losses/c_loss": 0.03874162957072258, "losses/entropy": 5.969593048095703, "info/last_lr": 0.00022222222469281405, "info/lr_mul": 1.0, "info/e_clip": 0.20000000298023224, "info/kl": 0.01416441984474659, "info/epochs": 141.0, "losses/bounds_loss": 0.3360575735569, "success_rate/step": 0.05898810178041458, "_runtime": 536, "_step": 846, "success_rate/iter": 0.05898810178041458, "success_rate/time": 0.05898810178041458, "fail_rate/step": 0.0, "fail_rate/iter": 0.0, "fail_rate/time": 0.0, "rewards/step": 711.9320678710938, "rewards/iter": 711.9320678710938, "rewards/time": 711.9320678710938, "shaped_rewards/step": 1475.249755859375, "shaped_rewards/iter": 1475.249755859375, "shaped_rewards/time": 1475.249755859375, "episode_lengths/step": 91.09536743164062, "episode_lengths/iter": 91.09536743164062, "episode_lengths/time": 91.09536743164062, "_wandb": {"runtime": 539}}