{"global_step": 24641536, "_timestamp": 1754044415.1720347, "performance/step_inference_rl_update_fps": 23490.7890625, "performance/step_inference_fps": 23910.056640625, "performance/step_fps": 24163.818359375, "performance/rl_update_time": 0.04892086982727051, "performance/step_inference_time": 2.740938663482666, "performance/step_time": 2.7121541500091553, "losses/a_loss": -0.0048802499659359455, "losses/c_loss": 0.05402104929089546, "losses/entropy": 6.123146057128906, "info/last_lr": 0.00014814814494457096, "info/lr_mul": 1.0, "info/e_clip": 0.20000000298023224, "info/kl": 0.008249062113463879, "info/epochs": 377.0, "losses/bounds_loss": 1.3921502828598022, "success_rate/step": 0.009470180608332157, "_runtime": 1230, "_step": 2262, "success_rate/iter": 0.009470180608332157, "success_rate/time": 0.009470180608332157, "fail_rate/step": 0.0, "fail_rate/iter": 0.0, "fail_rate/time": 0.0, "rewards/step": 820.0149536132812, "rewards/iter": 820.0149536132812, "rewards/time": 820.0149536132812, "shaped_rewards/step": 1674.6478271484375, "shaped_rewards/iter": 1674.6478271484375, "shaped_rewards/time": 1674.6478271484375, "episode_lengths/step": 94.83808135986328, "episode_lengths/iter": 94.83808135986328, "episode_lengths/time": 94.83808135986328, "_wandb": {"runtime": 1231}}